{
	"info": {
		"_postman_id": "b3dd543f-528b-4c69-9019-2e114b3cf325",
		"name": "TelCome",
		"schema": "https://schema.getpostman.com/json/collection/v2.1.0/collection.json",
		"_exporter_id": "4689433"
	},
	"item": [
		{
			"name": "ServiceCreate",
			"request": {
				"method": "POST",
				"header": [],
				"body": {
					"mode": "raw",
					"raw": "{\r\n\"service\":\"sms\"\r\n}",
					"options": {
						"raw": {
							"language": "json"
						}
					}
				},
				"url": {
					"raw": "http://localhost:3030/service/create",
					"protocol": "http",
					"host": [
						"localhost"
					],
					"port": "3030",
					"path": [
						"service",
						"create"
					]
				}
			},
			"response": []
		},
		{
			"name": "ShowPlan",
			"request": {
				"method": "GET",
				"header": []
			},
			"response": []
		},
		{
			"name": "Show Provider",
			"request": {
				"method": "GET",
				"header": []
			},
			"response": []
		},
		{
			"name": "Plan Via Provider",
			"request": {
				"method": "GET",
				"header": [],
				"url": {
					"raw": "http://127.0.0.1:3030/provider/plan",
					"protocol": "http",
					"host": [
						"127",
						"0",
						"0",
						"1"
					],
					"port": "3030",
					"path": [
						"provider",
						"plan"
					]
				}
			},
			"response": []
		},
		{
			"name": "Promo_code_Create",
			"request": {
				"method": "GET",
				"header": []
			},
			"response": []
		},
		{
			"name": "Payemnt",
			"request": {
				"method": "GET",
				"header": []
			},
			"response": []
		},
		{
			"name": "register",
			"request": {
				"method": "POST",
				"header": [],
				"body": {
					"mode": "raw",
					"raw": "{\r\n    \"name\":\"jio\",\r\n    \"email\":\"test@mail.com\",\r\n    \"password\":\"parth2211\"\r\n}",
					"options": {
						"raw": {
							"language": "json"
						}
					}
				},
				"url": {
					"raw": "http://localhost:3030/admin/postSignUp",
					"protocol": "http",
					"host": [
						"localhost"
					],
					"port": "3030",
					"path": [
						"admin",
						"postSignUp"
					]
				}
			},
			"response": [
				{
					"name": "register",
					"originalRequest": {
						"method": "POST",
						"header": [],
						"body": {
							"mode": "raw",
							"raw": "{\r\n    \"name\":\"jio\",\r\n    \"email\":\"test@mail.com\",\r\n    \"password\":\"parth2211\"\r\n}",
							"options": {
								"raw": {
									"language": "json"
								}
							}
						},
						"url": {
							"raw": "http://localhost:3030/admin/postSignUp",
							"protocol": "http",
							"host": [
								"localhost"
							],
							"port": "3030",
							"path": [
								"admin",
								"postSignUp"
							]
						}
					},
					"status": "OK",
					"code": 200,
					"_postman_previewlanguage": "html",
					"header": [
						{
							"key": "X-Powered-By",
							"value": "Express"
						},
						{
							"key": "Access-Control-Allow-Origin",
							"value": "*"
						},
						{
							"key": "Set-Cookie",
							"value": "visited=true; Max-Age=3000; HttpOnly, Secure"
						},
						{
							"key": "Content-Type",
							"value": "text/html; charset=utf-8"
						},
						{
							"key": "Content-Length",
							"value": "4"
						},
						{
							"key": "ETag",
							"value": "W/\"4-5f2c/g6AOREdVLWI53srsMrUHDo\""
						},
						{
							"key": "Date",
							"value": "Wed, 18 Jan 2023 16:37:47 GMT"
						},
						{
							"key": "Connection",
							"value": "keep-alive"
						},
						{
							"key": "Keep-Alive",
							"value": "timeout=5"
						}
					],
					"cookie": [],
					"body": "done"
				}
			]
		},
		{
			"name": "login",
			"request": {
				"method": "GET",
				"header": []
			},
			"response": []
		},
		{
			"name": "zipCode",
			"request": {
				"method": "POST",
				"header": [],
				"body": {
					"mode": "raw",
					"raw": "{\"zipCode\":389002}",
					"options": {
						"raw": {
							"language": "json"
						}
					}
				},
				"url": {
					"raw": "http://localhost:3030/zipcode/create",
					"protocol": "http",
					"host": [
						"localhost"
					],
					"port": "3030",
					"path": [
						"zipcode",
						"create"
					]
				}
			},
			"response": []
		},
		{
			"name": "provider_create",
			"request": {
				"method": "POST",
				"header": [],
				"body": {
					"mode": "raw",
					"raw": "{\r\n    \"name\":\"jio\",\r\n    \"logo\":\"jio\",\r\n    \"des\":\"Reliance Jio is one of India's largest 4G networks and offers the best prepaid & postpaid, JioFiber broadband plans & more. Jio is a young and dynamic organization with a mission to digitally transform India.\"\r\n,       \"contact\":\"635908698\",\r\n\"website\":\"s\",\r\n\"serviceId\":[1,2,3],\r\n\"zipCode\":\"389001\"\r\n}",
					"options": {
						"raw": {
							"language": "json"
						}
					}
				},
				"url": {
					"raw": "http://localhost:3030/provider/create",
					"protocol": "http",
					"host": [
						"localhost"
					],
					"port": "3030",
					"path": [
						"provider",
						"create"
					]
				}
			},
			"response": []
		},
		{
			"name": "planCreate",
			"request": {
				"method": "GET",
				"header": []
			},
			"response": []
		},
		{
			"name": "showPlan",
			"request": {
				"method": "GET",
				"header": []
			},
			"response": []
		}
	]
}